FirstName,LastName,Gender,Email,CountryCode,PhoneNumber,Sport,Team,Position,Country,State,City,League,Experience
Player,Player2,Male,ppll1@gmail.com,91,8299639330,Soccer,India,Front,India,Uttar Pradesh,Lucknow,College League,No Experience
Player,Player3,Male,ppll2@gmail.com,91,8299639330,Soccer,India,Front,India,Uttar Pradesh,Lucknow,College League,No Experience
Player,Player4,Male,ppll3@gmail.com,91,8299639330,Soccer,India,Front,India,Uttar Pradesh,Lucknow,College League,No Experience
Player,Player5,Male,ppll4@gmail.com,91,8299639330,Soccer,India,Front,India,Uttar Pradesh,Lucknow,College League,No Experience
Player,Player6,Male,ppll5@gmail.com,91,8299639330,Soccer,India,Front,India,Uttar Pradesh,Lucknow,College League,No Experience
Player,Player7,Male,ppll6@gmail.com,91,8299639330,Soccer,India,Front,India,Uttar Pradesh,Lucknow,College League,No Experience
Player,Player8,Male,ppll7@gmail.com,91,8299639330,Soccer,India,Front,India,Uttar Pradesh,Lucknow,College League,No Experience
Player,Player9,Male,ppll8@gmail.com,91,8299639330,Soccer,India,Front,India,Uttar Pradesh,Lucknow,College League,No Experience
Player,Player10,Male,ppll9@gmail.com,91,8299639330,Soccer,India,Front,India,Uttar Pradesh,Lucknow,College League,No Experience
Player,Player11,Male,ppll10@gmail.com,91,8299639330,Soccer,India,Front,India,Uttar Pradesh,Lucknow,College League,No Experience
Player,Player12,Male,ppll11@gmail.com,91,8299639330,Soccer,India,Front,India,Uttar Pradesh,Lucknow,College League,No Experience
Player,Player13,Male,ppll12@gmail.com,91,8299639330,Soccer,India,Front,India,Uttar Pradesh,Lucknow,College League,No Experience
Player,Player14,Male,ppll13@gmail.com,91,8299639330,Soccer,India,Front,India,Uttar Pradesh,Lucknow,College League,No Experience
Player,Player15,Male,ppll14@gmail.com,91,8299639330,Soccer,India,Front,India,Uttar Pradesh,Lucknow,College League,No Experience